File_path,ExecutableType,difficulty,total,Estimation
StagingtoEDWCSS_FactNetRevenueCSS,Microsoft.Package,0,1,0
StagingtoEDWCSS_FactNetRevenueCSS,STOCK:SEQUENCE,0,1,0
StagingtoEDWCSS_FactNetRevenueCSS,Microsoft.ExecuteSQLTask,1,1,1
StagingtoEDWCSS_FactLifeCycleStatusSnapshot,Microsoft.Package,0,1,0
StagingtoEDWCSS_FactLifeCycleStatusSnapshot,STOCK:SEQUENCE,0,1,0
StagingtoEDWCSS_FactLifeCycleStatusSnapshot,Microsoft.ExecuteSQLTask,1,1,1
StagingtoEDWCSS_FactLaborHourTarget,Microsoft.Package,0,1,0
StagingtoEDWCSS_FactLaborHourTarget,STOCK:SEQUENCE,0,1,0
StagingtoEDWCSS_FactLaborHourTarget,Microsoft.ExecuteSQLTask,1,1,1
StagingtoEDWCSS_FactFTESnapshotCSS,Microsoft.Package,0,1,0
StagingtoEDWCSS_FactFTESnapshotCSS,STOCK:SEQUENCE,0,1,0
StagingtoEDWCSS_FactFTESnapshotCSS,Microsoft.ExecuteSQLTask,1,1,1
StagingtoEDWCSS_DimTuitionAssistanceProviderCSS,Microsoft.Package,0,1,0
StagingtoEDWCSS_DimTuitionAssistanceProviderCSS,STOCK:SEQUENCE,0,1,0
StagingtoEDWCSS_DimTuitionAssistanceProviderCSS,Microsoft.ExecuteSQLTask,1,1,1
StagingtoEDWCSS_DimTransactionCodeCSS,Microsoft.Package,0,1,0
StagingtoEDWCSS_DimTransactionCodeCSS,STOCK:SEQUENCE,0,1,0
StagingtoEDWCSS_DimTransactionCodeCSS,Microsoft.ExecuteSQLTask,1,1,1
StagingtoEDWCSS_DimTierCSS,Microsoft.Package,0,1,0
StagingtoEDWCSS_DimTierCSS,STOCK:SEQUENCE,0,1,0
StagingtoEDWCSS_DimTierCSS,Microsoft.ExecuteSQLTask,1,1,1
StagingtoEDWCSS_DimStudentCSS,Microsoft.Package,0,1,0
StagingtoEDWCSS_DimStudentCSS,STOCK:SEQUENCE,0,1,0
StagingtoEDWCSS_DimStudentCSS,Microsoft.ExecuteSQLTask,1,1,1
StagingtoEDWCSS_DimSponsorCSS,Microsoft.Package,0,1,0
StagingtoEDWCSS_DimSponsorCSS,STOCK:SEQUENCE,0,1,0
StagingtoEDWCSS_DimSponsorCSS,Microsoft.ExecuteSQLTask,1,1,1
StagingtoEDWCSS_DimSessionCSS,Microsoft.Package,0,1,0
StagingtoEDWCSS_DimSessionCSS,STOCK:SEQUENCE,0,1,0
StagingtoEDWCSS_DimSessionCSS,Microsoft.ExecuteSQLTask,1,1,1
StagingtoEDWCSS_DimProgramCSS,Microsoft.Package,0,1,0
StagingtoEDWCSS_DimProgramCSS,STOCK:SEQUENCE,0,1,0
StagingtoEDWCSS_DimProgramCSS,Microsoft.ExecuteSQLTask,1,1,1
StagingtoEDWCSS_DimPaymentTypeCSS,Microsoft.Package,0,1,0
StagingtoEDWCSS_DimPaymentTypeCSS,STOCK:SEQUENCE,0,1,0
StagingtoEDWCSS_DimPaymentTypeCSS,Microsoft.ExecuteSQLTask,1,1,1
StagingtoEDWCSS_DimMartTuitionAssistanceProviderCSS,Microsoft.Package,0,1,0
StagingtoEDWCSS_DimMartTuitionAssistanceProviderCSS,Microsoft.ExecuteSQLTask,1,3,3
StagingtoEDWCSS_DimMartTuitionAssistanceProviderCSS,Microsoft.Pipeline,2,4,8
StagingtoEDWCSS_DimMartStudentCSS,Microsoft.Package,0,1,0
StagingtoEDWCSS_DimMartStudentCSS,Microsoft.ExecuteSQLTask,1,3,3
StagingtoEDWCSS_DimMartStudentCSS,Microsoft.Pipeline,2,4,8
StagingtoEDWCSS_DimMartSponsorCSS,Microsoft.Package,0,1,0
StagingtoEDWCSS_DimMartSponsorCSS,Microsoft.ExecuteSQLTask,1,3,3
StagingtoEDWCSS_DimMartSponsorCSS,Microsoft.Pipeline,2,4,8
StagingtoEDWCSS_DimFeeTypeCSS,Microsoft.Package,0,1,0
StagingtoEDWCSS_DimFeeTypeCSS,STOCK:SEQUENCE,0,1,0
StagingtoEDWCSS_DimFeeTypeCSS,Microsoft.ExecuteSQLTask,1,1,1
StagingtoEDWCSS_DimDiscountTypeCSS,Microsoft.Package,0,1,0
StagingtoEDWCSS_DimDiscountTypeCSS,STOCK:SEQUENCE,0,1,0
StagingtoEDWCSS_DimDiscountTypeCSS,Microsoft.ExecuteSQLTask,1,1,1
StagingtoEDWCSS_DimARAgencyTypeCSS,Microsoft.Package,0,1,0
StagingtoEDWCSS_DimARAgencyTypeCSS,STOCK:SEQUENCE,0,1,0
StagingtoEDWCSS_DimARAgencyTypeCSS,Microsoft.ExecuteSQLTask,1,1,1
StagingToEDW_StagingToEDW_Fact_StudentLead,Microsoft.Package,0,1,0
StagingToEDW_StagingToEDW_Fact_StudentLead,STOCK:SEQUENCE,0,4,0
StagingToEDW_StagingToEDW_Fact_StudentLead,Microsoft.ExecuteSQLTask,1,3,3
StagingToEDW_StagingToEDW_Fact_LifecycleStatusSnapshot,Microsoft.Package,0,1,0
StagingToEDW_StagingToEDW_Fact_LifecycleStatusSnapshot,STOCK:SEQUENCE,0,2,0
StagingToEDW_StagingToEDW_Fact_LifecycleStatusSnapshot,Microsoft.ExecuteSQLTask,1,1,1
StagingToEDW_StagingToEDW_Fact_Labor,Microsoft.Package,0,1,0
StagingToEDW_StagingToEDW_Fact_Labor,STOCK:SEQUENCE,0,5,0
StagingToEDW_StagingToEDW_Fact_Labor,Microsoft.ExecutePackageTask,3,4,12
StagingToEDW_StagingToEDW_Fact_HREmployee,Microsoft.Package,0,1,0
StagingToEDW_StagingToEDW_Fact_HREmployee,STOCK:SEQUENCE,0,9,0
StagingToEDW_StagingToEDW_Fact_HREmployee,Microsoft.ExecuteSQLTask,1,8,8
StagingToEDW_StagingToEDW_Fact_GLBalancePlanAllocation,Microsoft.Package,0,1,0
StagingToEDW_StagingToEDW_Fact_GLBalancePlanAllocation,STOCK:SEQUENCE,0,2,0
StagingToEDW_StagingToEDW_Fact_GLBalancePlanAllocation,Microsoft.ExecuteSQLTask,1,1,1
StagingToEDW_StagingToEDW_Fact_GLBalance,Microsoft.Package,0,1,0
StagingToEDW_StagingToEDW_Fact_GLBalance,STOCK:SEQUENCE,0,2,0
StagingToEDW_StagingToEDW_Fact_GLBalance,Microsoft.ExecuteSQLTask,1,2,2
StagingToEDW_StagingToEDW_Fact_FTESnapshot,Microsoft.Package,0,1,0
StagingToEDW_StagingToEDW_Fact_FTESnapshot,STOCK:SEQUENCE,0,3,0
StagingToEDW_StagingToEDW_Fact_FTESnapshot,Microsoft.ExecuteSQLTask,1,3,3
StagingToEDW_StagingToEDW_Fact_CenterManagementRevenue,Microsoft.Package,0,1,0
StagingToEDW_StagingToEDW_Fact_CenterManagementRevenue,STOCK:SEQUENCE,0,5,0
StagingToEDW_StagingToEDW_Fact_CenterManagementRevenue,Microsoft.ExecuteSQLTask,1,6,6
StagingToEDW_StagingToEDW_Fact_CenterManagementEnrollment,Microsoft.Package,0,1,0
StagingToEDW_StagingToEDW_Fact_CenterManagementEnrollment,STOCK:SEQUENCE,0,4,0
StagingToEDW_StagingToEDW_Fact_CenterManagementEnrollment,Microsoft.ExecuteSQLTask,1,3,3
StagingToEDW_StagingToEDW_Fact_CenterManagementEnrollment,Microsoft.ExecutePackageTask,3,1,3
StagingToEDW_StagingToEDW_Fact_BillingPaymentTransaction,Microsoft.Package,0,1,0
StagingToEDW_StagingToEDW_Fact_BillingPaymentTransaction,STOCK:SEQUENCE,0,5,0
StagingToEDW_StagingToEDW_Fact_BillingPaymentTransaction,Microsoft.ExecuteSQLTask,1,4,4
StagingToEDW_StagingToEDW_Fact_ARBalanceSnapshot,Microsoft.Package,0,1,0
StagingToEDW_StagingToEDW_Fact_ARBalanceSnapshot,STOCK:SEQUENCE,0,4,0
StagingToEDW_StagingToEDW_Fact_ARBalanceSnapshot,Microsoft.ExecuteSQLTask,1,2,2
StagingToEDW_StagingToEDW_FactParent,Microsoft.Package,0,1,0
StagingToEDW_StagingToEDW_FactParent,STOCK:SEQUENCE,0,12,0
StagingToEDW_StagingToEDW_FactParent,Microsoft.ExecutePackageTask,3,8,24
StagingToEDW_StagingToEDW_Dimension_StudentLead,Microsoft.Package,0,1,0
StagingToEDW_StagingToEDW_Dimension_StudentLead,STOCK:SEQUENCE,0,4,0
StagingToEDW_StagingToEDW_Dimension_StudentLead,Microsoft.ExecuteSQLTask,1,3,3
StagingToEDW_StagingToEDW_Dimension_GLandHR,Microsoft.Package,0,1,0
StagingToEDW_StagingToEDW_Dimension_GLandHR,STOCK:SEQUENCE,0,32,0
StagingToEDW_StagingToEDW_Dimension_GLandHR,Microsoft.ExecutePackageTask,3,2,6
StagingToEDW_StagingToEDW_Dimension_GLandHR,Microsoft.ExecuteSQLTask,1,29,29
StagingToEDW_StagingToEDW_Dimension_CenterManagement,Microsoft.Package,0,1,0
StagingToEDW_StagingToEDW_Dimension_CenterManagement,STOCK:SEQUENCE,0,41,0
StagingToEDW_StagingToEDW_Dimension_CenterManagement,Microsoft.ExecuteSQLTask,1,27,27
StagingToEDW_StagingToEDW_Dimension_CenterManagement,Microsoft.ExecutePackageTask,3,15,45
StagingToEDW_StagingToEDW_DimensionParent,Microsoft.Package,0,1,0
StagingToEDW_StagingToEDW_DimensionParent,STOCK:SEQUENCE,0,8,0
StagingToEDW_StagingToEDW_DimensionParent,Microsoft.ExecuteSQLTask,1,3,3
StagingToEDW_StagingToEDW_DimensionParent,Microsoft.ExecutePackageTask,3,3,9
StagingToEDW_StagingToEDWParentPackage,Microsoft.Package,0,1,0
StagingToEDW_StagingToEDWParentPackage,STOCK:SEQUENCE,0,9,0
StagingToEDW_StagingToEDWParentPackage,Microsoft.ExecuteSQLTask,1,2,2
StagingToEDW_StagingToEDWParentPackage,Microsoft.ExecutePackageTask,3,4,12
StagingToEDW_ReportProfile,Microsoft.Package,0,1,0
StagingToEDW_ReportProfile,Microsoft.ExecuteSQLTask,1,6,6
StagingToEDW_ReportProfile,Microsoft.Pipeline,2,3,6
StagingToEDW_ReportMeasure,Microsoft.Package,0,1,0
StagingToEDW_ReportMeasure,Microsoft.ExecuteSQLTask,1,4,4
StagingToEDW_ReportMeasure,Microsoft.Pipeline,2,5,10
StagingToEDW_OneTimeDimMartAccountSubAccount,Microsoft.Package,0,1,0
StagingToEDW_OneTimeDimMartAccountSubAccount,Microsoft.ExecuteSQLTask,1,3,3
StagingToEDW_OneTimeDimMartAccountSubAccount,Microsoft.Pipeline,2,3,6
StagingToEDW_MartToEDW_DimMartCostCenter_IXV,Microsoft.Package,0,1,0
StagingToEDW_MartToEDW_DimMartCostCenter_IXV,STOCK:SEQUENCE,0,3,0
StagingToEDW_MartToEDW_DimMartCostCenter_IXV,Microsoft.ExecutePackageTask,3,1,3
StagingToEDW_MartToEDW_DimMartCostCenter_IXV,Microsoft.ExecuteSQLTask,1,17,17
StagingToEDW_MartToEDW_CostCenter_OneTimeLoadforCompNonComp,Microsoft.Package,0,1,0
StagingToEDW_MartToEDW_CostCenter_OneTimeLoadforCompNonComp,STOCK:SEQUENCE,0,3,0
StagingToEDW_MartToEDW_CostCenter_OneTimeLoadforCompNonComp,Microsoft.ExecuteSQLTask,1,20,20
StagingToEDW_MartToEDW_CostCenter_OneTimeLoadforCompNonComp,Microsoft.Pipeline,2,21,42
StagingToEDW_FactTierAssignment,Microsoft.Package,0,1,0
StagingToEDW_FactTierAssignment,STOCK:SEQUENCE,0,1,0
StagingToEDW_FactTierAssignment,Microsoft.ExecuteSQLTask,1,1,1
StagingToEDW_FactSessionEnrollment,Microsoft.Package,0,1,0
StagingToEDW_FactSessionEnrollment,STOCK:SEQUENCE,0,1,0
StagingToEDW_FactSessionEnrollment,Microsoft.ExecuteSQLTask,1,1,1
StagingToEDW_FactProgramDetail,Microsoft.Package,0,1,0
StagingToEDW_FactProgramDetail,Microsoft.ExecuteSQLTask,1,5,5
StagingToEDW_FactProgramDetail,Microsoft.Pipeline,2,6,12
StagingToEDW_FactPersonSpecialInfo,Microsoft.Package,0,1,0
StagingToEDW_FactPersonSpecialInfo,STOCK:SEQUENCE,0,1,0
StagingToEDW_FactPersonSpecialInfo,Microsoft.ExecuteSQLTask,1,1,1
StagingToEDW_FactPaymentApplied,Microsoft.Package,0,1,0
StagingToEDW_FactPaymentApplied,STOCK:SEQUENCE,0,1,0
StagingToEDW_FactPaymentApplied,Microsoft.ExecuteSQLTask,1,1,1
StagingToEDW_FactPayment,Microsoft.Package,0,1,0
StagingToEDW_FactPayment,STOCK:SEQUENCE,0,1,0
StagingToEDW_FactPayment,Microsoft.ExecuteSQLTask,1,1,1
StagingToEDW_FactPartnerVerifiedSponsor,Microsoft.Package,0,1,0
StagingToEDW_FactPartnerVerifiedSponsor,Microsoft.ExecuteSQLTask,1,8,8
StagingToEDW_FactPartnerVerifiedSponsor,Microsoft.Pipeline,2,6,12
StagingToEDW_FactNetRevenuePRO,Microsoft.Package,0,1,0
StagingToEDW_FactNetRevenuePRO,STOCK:SEQUENCE,0,1,0
StagingToEDW_FactNetRevenuePRO,Microsoft.ExecuteSQLTask,1,1,1
StagingToEDW_FactNetRevenueHOR,Microsoft.Package,0,1,0
StagingToEDW_FactNetRevenueHOR,STOCK:SEQUENCE,0,1,0
StagingToEDW_FactNetRevenueHOR,Microsoft.ExecuteSQLTask,1,1,1
StagingToEDW_FactNetRevenueAcquired,Microsoft.Package,0,1,0
StagingToEDW_FactNetRevenueAcquired,STOCK:SEQUENCE,0,1,0
StagingToEDW_FactNetRevenueAcquired,Microsoft.ExecuteSQLTask,1,1,1
StagingToEDW_FactNetRevenue,Microsoft.Package,0,1,0
StagingToEDW_FactNetRevenue,STOCK:SEQUENCE,0,1,0
StagingToEDW_FactNetRevenue,Microsoft.ExecuteSQLTask,1,1,1
StagingToEDW_FactLifecycleStatusSnapshot,Microsoft.Package,0,1,0
StagingToEDW_FactLifecycleStatusSnapshot,STOCK:SEQUENCE,0,1,0
StagingToEDW_FactLifecycleStatusSnapshot,Microsoft.ExecuteSQLTask,1,1,1
StagingToEDW_FactLeadPipeline,Microsoft.Package,0,1,0
StagingToEDW_FactLeadPipeline,STOCK:SEQUENCE,0,1,0
StagingToEDW_FactLeadPipeline,Microsoft.ExecuteSQLTask,1,1,1
StagingToEDW_FactLeadEvent,Microsoft.Package,0,1,0
StagingToEDW_FactLeadEvent,STOCK:SEQUENCE,0,1,0
StagingToEDW_FactLeadEvent,Microsoft.ExecuteSQLTask,1,1,1
StagingToEDW_FactLaborSalary,Microsoft.Package,0,1,0
StagingToEDW_FactLaborSalary,STOCK:SEQUENCE,0,1,0
StagingToEDW_FactLaborSalary,Microsoft.ExecuteSQLTask,1,1,1
StagingToEDW_FactLaborHourTargetPRO,Microsoft.Package,0,1,0
StagingToEDW_FactLaborHourTargetPRO,STOCK:SEQUENCE,0,1,0
StagingToEDW_FactLaborHourTargetPRO,Microsoft.ExecuteSQLTask,1,1,1
StagingToEDW_FactLaborHourTargetLegacy,Microsoft.Package,0,1,0
StagingToEDW_FactLaborHourTargetLegacy,STOCK:SEQUENCE,0,1,0
StagingToEDW_FactLaborHourTargetLegacy,Microsoft.ExecuteSQLTask,1,1,1
StagingToEDW_FactLaborHourTarget,Microsoft.Package,0,1,0
StagingToEDW_FactLaborHourTarget,STOCK:SEQUENCE,0,1,0
StagingToEDW_FactLaborHourTarget,Microsoft.ExecuteSQLTask,1,1,1
StagingToEDW_FactLaborHourActual,Microsoft.Package,0,1,0
StagingToEDW_FactLaborHourActual,STOCK:SEQUENCE,0,1,0
StagingToEDW_FactLaborHourActual,Microsoft.ExecuteSQLTask,1,1,1
StagingToEDW_FactLaborHourAcquired,Microsoft.Package,0,1,0
StagingToEDW_FactLaborHourAcquired,STOCK:SEQUENCE,0,1,0
StagingToEDW_FactLaborHourAcquired,Microsoft.ExecuteSQLTask,1,1,1
StagingToEDW_FactGLBalancePlanAllocation,Microsoft.Package,0,1,0
StagingToEDW_FactGLBalancePlanAllocation,STOCK:SEQUENCE,0,1,0
StagingToEDW_FactGLBalancePlanAllocation,Microsoft.ExecuteSQLTask,1,1,1
StagingToEDW_FactGLBalance,Microsoft.Package,0,1,0
StagingToEDW_FactGLBalance,STOCK:SEQUENCE,0,1,0
StagingToEDW_FactGLBalance,Microsoft.ExecuteSQLTask,1,1,1
StagingToEDW_FactFTESnapshotPRO,Microsoft.Package,0,1,0
StagingToEDW_FactFTESnapshotPRO,STOCK:SEQUENCE,0,1,0
StagingToEDW_FactFTESnapshotPRO,Microsoft.ExecuteSQLTask,1,1,1
StagingToEDW_FactFTESnapshotCSS,Microsoft.Package,0,1,0
StagingToEDW_FactFTESnapshotCSS,STOCK:SEQUENCE,0,1,0
StagingToEDW_FactFTESnapshotCSS,Microsoft.ExecuteSQLTask,1,1,1
StagingToEDW_FactFTESnapshotAcquired,Microsoft.Package,0,1,0
StagingToEDW_FactFTESnapshotAcquired,STOCK:SEQUENCE,0,1,0
StagingToEDW_FactFTESnapshotAcquired,Microsoft.ExecuteSQLTask,1,1,1
StagingToEDW_FactFTESnapshot,Microsoft.Package,0,1,0
StagingToEDW_FactFTESnapshot,STOCK:SEQUENCE,0,1,0
StagingToEDW_FactFTESnapshot,Microsoft.ExecuteSQLTask,1,1,1
StagingToEDW_FactEmployeeQualification,Microsoft.Package,0,1,0
StagingToEDW_FactEmployeeQualification,STOCK:SEQUENCE,0,1,0
StagingToEDW_FactEmployeeQualification,Microsoft.ExecuteSQLTask,1,1,1
StagingToEDW_FactEmployeePerformance,Microsoft.Package,0,1,0
StagingToEDW_FactEmployeePerformance,STOCK:SEQUENCE,0,1,0
StagingToEDW_FactEmployeePerformance,Microsoft.ExecuteSQLTask,1,1,1
StagingToEDW_FactEmployeePayRate,Microsoft.Package,0,1,0
StagingToEDW_FactEmployeePayRate,STOCK:SEQUENCE,0,1,0
StagingToEDW_FactEmployeePayRate,Microsoft.ExecuteSQLTask,1,1,1
StagingToEDW_FactEmployeeLeave,Microsoft.Package,0,1,0
StagingToEDW_FactEmployeeLeave,STOCK:SEQUENCE,0,1,0
StagingToEDW_FactEmployeeLeave,Microsoft.ExecuteSQLTask,1,1,1
StagingToEDW_FactEmployeeCompliance,Microsoft.Package,0,1,0
StagingToEDW_FactEmployeeCompliance,STOCK:SEQUENCE,0,1,0
StagingToEDW_FactEmployeeCompliance,Microsoft.ExecuteSQLTask,1,1,1
StagingToEDW_FactEmployeeAssignment,Microsoft.Package,0,1,0
StagingToEDW_FactEmployeeAssignment,STOCK:SEQUENCE,0,1,0
StagingToEDW_FactEmployeeAssignment,Microsoft.ExecuteSQLTask,1,1,1
StagingToEDW_FactEmployeeAssessment,Microsoft.Package,0,1,0
StagingToEDW_FactEmployeeAssessment,STOCK:SEQUENCE,0,1,0
StagingToEDW_FactEmployeeAssessment,Microsoft.ExecuteSQLTask,1,1,1
StagingToEDW_FactCenterStatSnapshot,Microsoft.Package,0,1,0
StagingToEDW_FactCenterStatSnapshot,STOCK:SEQUENCE,0,1,0
StagingToEDW_FactCenterStatSnapshot,Microsoft.ExecuteSQLTask,1,1,1
StagingToEDW_FactBilling,Microsoft.Package,0,1,0
StagingToEDW_FactBilling,STOCK:SEQUENCE,0,1,0
StagingToEDW_FactBilling,Microsoft.ExecuteSQLTask,1,1,1
StagingToEDW_FactAdjustment,Microsoft.Package,0,1,0
StagingToEDW_FactAdjustment,STOCK:SEQUENCE,0,1,0
StagingToEDW_FactAdjustment,Microsoft.ExecuteSQLTask,1,1,1
StagingToEDW_FactARBalanceSnapshot,Microsoft.Package,0,1,0
StagingToEDW_FactARBalanceSnapshot,STOCK:SEQUENCE,0,3,0
StagingToEDW_FactARBalanceSnapshot,Microsoft.ExecuteSQLTask,1,3,3
StagingToEDW_DimWebCampaign,Microsoft.Package,0,1,0
StagingToEDW_DimWebCampaign,STOCK:SEQUENCE,0,1,0
StagingToEDW_DimWebCampaign,Microsoft.ExecuteSQLTask,1,1,1
StagingToEDW_DimTuitionAssistanceProvider,Microsoft.Package,0,1,0
StagingToEDW_DimTuitionAssistanceProvider,STOCK:SEQUENCE,0,1,0
StagingToEDW_DimTuitionAssistanceProvider,Microsoft.ExecuteSQLTask,1,1,1
StagingToEDW_DimTimeCalculation,Microsoft.Package,0,1,0
StagingToEDW_DimTimeCalculation,Microsoft.ExecuteSQLTask,1,3,3
StagingToEDW_DimTier,Microsoft.Package,0,1,0
StagingToEDW_DimTier,STOCK:SEQUENCE,0,1,0
StagingToEDW_DimTier,Microsoft.ExecuteSQLTask,1,1,1
StagingToEDW_DimStudent,Microsoft.Package,0,1,0
StagingToEDW_DimStudent,STOCK:SEQUENCE,0,2,0
StagingToEDW_DimStudent,Microsoft.ExecuteSQLTask,1,1,1
StagingToEDW_DimSponsor,Microsoft.Package,0,1,0
StagingToEDW_DimSponsor,STOCK:SEQUENCE,0,1,0
StagingToEDW_DimSponsor,Microsoft.ExecuteSQLTask,1,1,1
StagingToEDW_DimSpecialInfo,Microsoft.Package,0,1,0
StagingToEDW_DimSpecialInfo,STOCK:SEQUENCE,0,1,0
StagingToEDW_DimSpecialInfo,Microsoft.ExecuteSQLTask,1,1,1
StagingToEDW_DimSession,Microsoft.Package,0,1,0
StagingToEDW_DimSession,STOCK:SEQUENCE,0,1,0
StagingToEDW_DimSession,Microsoft.ExecuteSQLTask,1,1,1
StagingToEDW_DimScheduleWeek,Microsoft.Package,0,1,0
StagingToEDW_DimScheduleWeek,Microsoft.ExecuteSQLTask,1,6,6
StagingToEDW_DimScheduleType,Microsoft.Package,0,1,0
StagingToEDW_DimScheduleType,STOCK:SEQUENCE,0,1,0
StagingToEDW_DimScheduleType,Microsoft.ExecuteSQLTask,1,1,1
StagingToEDW_DimRetentionBaseWeek,Microsoft.Package,0,1,0
StagingToEDW_DimRetentionBaseWeek,Microsoft.ExecuteSQLTask,1,3,3
StagingToEDW_DimRetentionBaseWeek,Microsoft.Pipeline,2,5,10
StagingToEDW_DimReportProfile,Microsoft.Package,0,1,0
StagingToEDW_DimReportProfile,STOCK:SEQUENCE,0,1,0
StagingToEDW_DimReportProfile,Microsoft.ExecuteSQLTask,1,1,1
StagingToEDW_DimQualificationType,Microsoft.Package,0,1,0
StagingToEDW_DimQualificationType,STOCK:SEQUENCE,0,1,0
StagingToEDW_DimQualificationType,Microsoft.ExecuteSQLTask,1,1,1
StagingToEDW_DimProgram,Microsoft.Package,0,1,0
StagingToEDW_DimProgram,STOCK:SEQUENCE,0,1,0
StagingToEDW_DimProgram,Microsoft.ExecuteSQLTask,1,1,1
StagingToEDW_DimPosition,Microsoft.Package,0,1,0
StagingToEDW_DimPosition,STOCK:SEQUENCE,0,1,0
StagingToEDW_DimPosition,Microsoft.ExecuteSQLTask,1,1,1
StagingToEDW_DimPerson,Microsoft.Package,0,1,0
StagingToEDW_DimPerson,STOCK:SEQUENCE,0,1,0
StagingToEDW_DimPerson,Microsoft.ExecuteSQLTask,1,1,1
StagingToEDW_DimPerformanceRating,Microsoft.Package,0,1,0
StagingToEDW_DimPerformanceRating,STOCK:SEQUENCE,0,1,0
StagingToEDW_DimPerformanceRating,Microsoft.ExecuteSQLTask,1,1,1
StagingToEDW_DimPeopleGroup,Microsoft.Package,0,1,0
StagingToEDW_DimPeopleGroup,STOCK:SEQUENCE,0,1,0
StagingToEDW_DimPeopleGroup,Microsoft.ExecuteSQLTask,1,1,1
StagingToEDW_DimPayrollType,Microsoft.Package,0,1,0
StagingToEDW_DimPayrollType,STOCK:SEQUENCE,0,1,0
StagingToEDW_DimPayrollType,Microsoft.ExecuteSQLTask,1,1,1
StagingToEDW_DimPaymentType,Microsoft.Package,0,1,0
StagingToEDW_DimPaymentType,STOCK:SEQUENCE,0,1,0
StagingToEDW_DimPaymentType,Microsoft.ExecuteSQLTask,1,1,1
StagingToEDW_DimPayRateChangeReason,Microsoft.Package,0,1,0
StagingToEDW_DimPayRateChangeReason,STOCK:SEQUENCE,0,1,0
StagingToEDW_DimPayRateChangeReason,Microsoft.ExecuteSQLTask,1,1,1
StagingToEDW_DimPayGrade,Microsoft.Package,0,1,0
StagingToEDW_DimPayGrade,STOCK:SEQUENCE,0,1,0
StagingToEDW_DimPayGrade,Microsoft.ExecuteSQLTask,1,1,1
StagingToEDW_DimPayBasi,Microsoft.Package,0,1,0
StagingToEDW_DimPayBasi,STOCK:SEQUENCE,0,1,0
StagingToEDW_DimPayBasi,Microsoft.ExecuteSQLTask,1,1,1
StagingToEDW_DimOrganization,Microsoft.Package,0,1,0
StagingToEDW_DimOrganization,STOCK:SEQUENCE,0,1,0
StagingToEDW_DimOrganization,Microsoft.ExecuteSQLTask,1,1,1
StagingToEDW_DimMeasure,Microsoft.Package,0,1,0
StagingToEDW_DimMeasure,Microsoft.ExecuteSQLTask,1,6,6
StagingToEDW_DimMeasure,Microsoft.Pipeline,2,19,38
StagingToEDW_DimMartTuitionAssistanceProvider,Microsoft.Package,0,1,0
StagingToEDW_DimMartTuitionAssistanceProvider,Microsoft.ExecuteSQLTask,1,3,3
StagingToEDW_DimMartTuitionAssistanceProvider,Microsoft.Pipeline,2,15,30
StagingToEDW_DimMartTier,Microsoft.Package,0,1,0
StagingToEDW_DimMartTier,Microsoft.ExecuteSQLTask,1,4,4
StagingToEDW_DimMartTier,Microsoft.Pipeline,2,15,30
StagingToEDW_DimMartStudent,Microsoft.Package,0,1,0
StagingToEDW_DimMartStudent,Microsoft.ExecuteSQLTask,1,4,4
StagingToEDW_DimMartStudent,Microsoft.Pipeline,2,9,18
StagingToEDW_DimMartSponsor,Microsoft.Package,0,1,0
StagingToEDW_DimMartSponsor,Microsoft.ExecuteSQLTask,1,4,4
StagingToEDW_DimMartSponsor,Microsoft.Pipeline,2,9,18
StagingToEDW_DimMartSession,Microsoft.Package,0,1,0
StagingToEDW_DimMartSession,Microsoft.ExecuteSQLTask,1,3,3
StagingToEDW_DimMartSession,Microsoft.Pipeline,2,15,30
StagingToEDW_DimMartProgram,Microsoft.Package,0,1,0
StagingToEDW_DimMartProgram,Microsoft.ExecuteSQLTask,1,3,3
StagingToEDW_DimMartProgram,Microsoft.Pipeline,2,15,30
StagingToEDW_DimMartPartner,Microsoft.Package,0,1,0
StagingToEDW_DimMartPartner,Microsoft.ExecuteSQLTask,1,4,4
StagingToEDW_DimMartPartner,Microsoft.Pipeline,2,9,18
StagingToEDW_DimMartCostCenter,Microsoft.Package,0,1,0
StagingToEDW_DimMartCostCenter,Microsoft.ExecutePackageTask,3,1,3
StagingToEDW_DimMartCostCenter,Microsoft.ExecuteSQLTask,1,6,6
StagingToEDW_DimMartCostCenter,Microsoft.Pipeline,2,19,38
StagingToEDW_DimMartAccountSubAccount,Microsoft.Package,0,1,0
StagingToEDW_DimMartAccountSubAccount,Microsoft.ExecuteSQLTask,1,7,7
StagingToEDW_DimMartAccountSubAccount,Microsoft.Pipeline,2,17,34
StagingToEDW_DimLocation,Microsoft.Package,0,1,0
StagingToEDW_DimLocation,STOCK:SEQUENCE,0,1,0
StagingToEDW_DimLocation,Microsoft.ExecuteSQLTask,1,1,1
StagingToEDW_DimLifecycleStatu,Microsoft.Package,0,1,0
StagingToEDW_DimLifecycleStatu,Microsoft.ExecuteSQLTask,1,5,5
StagingToEDW_DimLeaveType,Microsoft.Package,0,1,0
StagingToEDW_DimLeaveType,STOCK:SEQUENCE,0,1,0
StagingToEDW_DimLeaveType,Microsoft.ExecuteSQLTask,1,1,1
StagingToEDW_DimLeaveReason,Microsoft.Package,0,1,0
StagingToEDW_DimLeaveReason,STOCK:SEQUENCE,0,1,0
StagingToEDW_DimLeaveReason,Microsoft.ExecuteSQLTask,1,1,1
StagingToEDW_DimLeadType,Microsoft.Package,0,1,0
StagingToEDW_DimLeadType,STOCK:SEQUENCE,0,1,0
StagingToEDW_DimLeadType,Microsoft.ExecuteSQLTask,1,1,1
StagingToEDW_DimLeadEventType,Microsoft.Package,0,1,0
StagingToEDW_DimLeadEventType,STOCK:SEQUENCE,0,1,0
StagingToEDW_DimLeadEventType,Microsoft.ExecuteSQLTask,1,1,1
StagingToEDW_DimLead,Microsoft.Package,0,1,0
StagingToEDW_DimLead,STOCK:SEQUENCE,0,1,0
StagingToEDW_DimLead,Microsoft.ExecuteSQLTask,1,1,1
StagingToEDW_DimInvoiceType,Microsoft.Package,0,1,0
StagingToEDW_DimInvoiceType,STOCK:SEQUENCE,0,1,0
StagingToEDW_DimInvoiceType,Microsoft.ExecuteSQLTask,1,1,1
StagingToEDW_DimHRUser,Microsoft.Package,0,1,0
StagingToEDW_DimHRUser,STOCK:SEQUENCE,0,1,0
StagingToEDW_DimHRUser,Microsoft.ExecuteSQLTask,1,1,1
StagingToEDW_DimFeeType,Microsoft.Package,0,1,0
StagingToEDW_DimFeeType,STOCK:SEQUENCE,0,1,0
StagingToEDW_DimFeeType,Microsoft.ExecuteSQLTask,1,1,1
StagingToEDW_DimDiscountType,Microsoft.Package,0,1,0
StagingToEDW_DimDiscountType,STOCK:SEQUENCE,0,1,0
StagingToEDW_DimDiscountType,Microsoft.ExecuteSQLTask,1,1,1
StagingToEDW_DimDate_DM,Microsoft.Package,0,1,0
StagingToEDW_DimDate_DM,Microsoft.ExecuteSQLTask,1,1,1
StagingToEDW_DimDate_DM,Microsoft.Pipeline,2,5,10
StagingToEDW_DimDate,Microsoft.Package,0,1,0
StagingToEDW_DimDate,STOCK:SEQUENCE,0,1,0
StagingToEDW_DimDate,Microsoft.ExecuteSQLTask,1,1,1
StagingToEDW_DimDataScenario,Microsoft.Package,0,1,0
StagingToEDW_DimDataScenario,Microsoft.ExecuteSQLTask,1,6,6
StagingToEDW_DimCreditmemoType,Microsoft.Package,0,1,0
StagingToEDW_DimCreditmemoType,STOCK:SEQUENCE,0,2,0
StagingToEDW_DimCreditmemoType,Microsoft.ExecuteSQLTask,1,1,1
StagingToEDW_DimCostCenterType,Microsoft.Package,0,1,0
StagingToEDW_DimCostCenterType,STOCK:SEQUENCE,0,1,0
StagingToEDW_DimCostCenterType,Microsoft.ExecuteSQLTask,1,1,1
StagingToEDW_DimCostCenter,Microsoft.Package,0,1,0
StagingToEDW_DimCostCenter,STOCK:SEQUENCE,0,1,0
StagingToEDW_DimCostCenter,Microsoft.ExecuteSQLTask,1,1,1
StagingToEDW_DimComplianceRating,Microsoft.Package,0,1,0
StagingToEDW_DimComplianceRating,STOCK:SEQUENCE,0,1,0
StagingToEDW_DimComplianceRating,Microsoft.ExecuteSQLTask,1,1,1
StagingToEDW_DimComplianceItem,Microsoft.Package,0,1,0
StagingToEDW_DimComplianceItem,STOCK:SEQUENCE,0,1,0
StagingToEDW_DimComplianceItem,Microsoft.ExecuteSQLTask,1,1,1
StagingToEDW_DimCompanyRollup,Microsoft.Package,0,1,0
StagingToEDW_DimCompanyRollup,STOCK:SEQUENCE,0,1,0
StagingToEDW_DimCompanyRollup,Microsoft.ExecuteSQLTask,1,1,1
StagingToEDW_DimCompany,Microsoft.Package,0,1,0
StagingToEDW_DimCompany,STOCK:SEQUENCE,0,1,0
StagingToEDW_DimCompany,Microsoft.ExecuteSQLTask,1,1,1
StagingToEDW_DimClassroom,Microsoft.Package,0,1,0
StagingToEDW_DimClassroom,STOCK:SEQUENCE,0,2,0
StagingToEDW_DimClassroom,Microsoft.ExecuteSQLTask,1,2,2
StagingToEDW_DimAssignmentType,Microsoft.Package,0,1,0
StagingToEDW_DimAssignmentType,STOCK:SEQUENCE,0,1,0
StagingToEDW_DimAssignmentType,Microsoft.ExecuteSQLTask,1,1,1
StagingToEDW_DimAssessmentType,Microsoft.Package,0,1,0
StagingToEDW_DimAssessmentType,STOCK:SEQUENCE,0,1,0
StagingToEDW_DimAssessmentType,Microsoft.ExecuteSQLTask,1,1,1
StagingToEDW_DimAdjustmentReason,Microsoft.Package,0,1,0
StagingToEDW_DimAdjustmentReason,STOCK:SEQUENCE,0,1,0
StagingToEDW_DimAdjustmentReason,Microsoft.ExecuteSQLTask,1,1,1
StagingToEDW_DimAccountSubAccount,Microsoft.Package,0,1,0
StagingToEDW_DimAccountSubAccount,STOCK:SEQUENCE,0,1,0
StagingToEDW_DimAccountSubAccount,Microsoft.ExecuteSQLTask,1,1,1
StagingToEDW_DimARAgencyType,Microsoft.Package,0,1,0
StagingToEDW_DimARAgencyType,STOCK:SEQUENCE,0,1,0
StagingToEDW_DimARAgencyType,Microsoft.ExecuteSQLTask,1,1,1
StagingToEDW_CompNonCompStatu,Microsoft.Package,0,1,0
StagingToEDW_CompNonCompStatu,Microsoft.ExecuteSQLTask,1,4,4
StagingToEDW_CompNonCompStatu,Microsoft.Pipeline,2,5,10
StagingToEDW_BridgeSecurityPersonOrg,Microsoft.Package,0,1,0
StagingToEDW_BridgeSecurityPersonOrg,STOCK:SEQUENCE,0,1,0
StagingToEDW_BridgeSecurityPersonOrg,Microsoft.ExecuteSQLTask,1,1,1
StagingToEDW_BridgeSecurityPersonHRISGroup,Microsoft.Package,0,1,0
StagingToEDW_BridgeSecurityPersonHRISGroup,STOCK:SEQUENCE,0,1,0
StagingToEDW_BridgeSecurityPersonHRISGroup,Microsoft.ExecuteSQLTask,1,1,1
StagingToEDW_BridgeCompanyRollup,Microsoft.Package,0,1,0
StagingToEDW_BridgeCompanyRollup,STOCK:SEQUENCE,0,1,0
StagingToEDW_BridgeCompanyRollup,Microsoft.ExecuteSQLTask,1,1,1
DWBaseIncrementalLoad_NetRevenueMeasure,Microsoft.Package,0,1,0
DWBaseIncrementalLoad_NetRevenueMeasure,STOCK:SEQUENCE,0,195,0
DWBaseIncrementalLoad_NetRevenueMeasure,STOCK:FOREACHLOOP,0,97,0
DWBaseIncrementalLoad_NetRevenueMeasure,Microsoft.ExecuteSQLTask,1,585,585
DWBaseIncrementalLoad_NetRevenueMeasure,Microsoft.Pipeline,2,485,970
DWBaseIncrementalLoad_LifeCycleStatusMeasure,Microsoft.Package,0,1,0
DWBaseIncrementalLoad_LifeCycleStatusMeasure,STOCK:SEQUENCE,0,9,0
DWBaseIncrementalLoad_LifeCycleStatusMeasure,STOCK:FOREACHLOOP,0,4,0
DWBaseIncrementalLoad_LifeCycleStatusMeasure,Microsoft.ExecuteSQLTask,1,27,27
DWBaseIncrementalLoad_LifeCycleStatusMeasure,Microsoft.Pipeline,2,20,40
DWBaseIncrementalLoad_LeadEventMeasure,Microsoft.Package,0,1,0
DWBaseIncrementalLoad_LeadEventMeasure,STOCK:SEQUENCE,0,25,0
DWBaseIncrementalLoad_LeadEventMeasure,STOCK:FOREACHLOOP,0,12,0
DWBaseIncrementalLoad_LeadEventMeasure,Microsoft.ExecuteSQLTask,1,75,75
DWBaseIncrementalLoad_LeadEventMeasure,Microsoft.Pipeline,2,60,120
DWBaseIncrementalLoad_LaborSalaryMeasure,Microsoft.Package,0,1,0
DWBaseIncrementalLoad_LaborSalaryMeasure,STOCK:SEQUENCE,0,37,0
DWBaseIncrementalLoad_LaborSalaryMeasure,STOCK:FOREACHLOOP,0,18,0
DWBaseIncrementalLoad_LaborSalaryMeasure,Microsoft.ExecuteSQLTask,1,111,111
DWBaseIncrementalLoad_LaborSalaryMeasure,Microsoft.Pipeline,2,90,180
DWBaseIncrementalLoad_LaborHoursMeasure,Microsoft.Package,0,1,0
DWBaseIncrementalLoad_LaborHoursMeasure,STOCK:SEQUENCE,0,159,0
DWBaseIncrementalLoad_LaborHoursMeasure,STOCK:FOREACHLOOP,0,79,0
DWBaseIncrementalLoad_LaborHoursMeasure,Microsoft.ExecuteSQLTask,1,453,453
DWBaseIncrementalLoad_LaborHoursMeasure,Microsoft.Pipeline,2,395,790
DWBaseIncrementalLoad_GLPlanAllocation_LaborHoursMeasure,Microsoft.Package,0,1,0
DWBaseIncrementalLoad_GLPlanAllocation_LaborHoursMeasure,STOCK:SEQUENCE,0,1,0
DWBaseIncrementalLoad_GLPlanAllocation_LaborHoursMeasure,STOCK:FOREACHLOOP,0,7,0
DWBaseIncrementalLoad_GLPlanAllocation_LaborHoursMeasure,Microsoft.ExecuteSQLTask,1,54,54
DWBaseIncrementalLoad_GLPlanAllocation_LaborHoursMeasure,Microsoft.Pipeline,2,28,56
DWBaseIncrementalLoad_GLBalancePlanAllocation_NetRevenueMeasure,Microsoft.Package,0,1,0
DWBaseIncrementalLoad_GLBalancePlanAllocation_NetRevenueMeasure,STOCK:SEQUENCE,0,193,0
DWBaseIncrementalLoad_GLBalancePlanAllocation_NetRevenueMeasure,STOCK:FOREACHLOOP,0,96,0
DWBaseIncrementalLoad_GLBalancePlanAllocation_NetRevenueMeasure,Microsoft.ExecuteSQLTask,1,483,483
DWBaseIncrementalLoad_GLBalancePlanAllocation_NetRevenueMeasure,Microsoft.Pipeline,2,480,960
DWBaseIncrementalLoad_GLBalancePlanAllocation_LaborSalaryMeasure,Microsoft.Package,0,1,0
DWBaseIncrementalLoad_GLBalancePlanAllocation_LaborSalaryMeasure,STOCK:SEQUENCE,0,57,0
DWBaseIncrementalLoad_GLBalancePlanAllocation_LaborSalaryMeasure,STOCK:FOREACHLOOP,0,28,0
DWBaseIncrementalLoad_GLBalancePlanAllocation_LaborSalaryMeasure,Microsoft.ExecuteSQLTask,1,143,143
DWBaseIncrementalLoad_GLBalancePlanAllocation_LaborSalaryMeasure,Microsoft.Pipeline,2,140,280
DWBaseIncrementalLoad_GLBalancePlanAllocation_LaborHoursMeasure,Microsoft.Package,0,1,0
DWBaseIncrementalLoad_GLBalancePlanAllocation_LaborHoursMeasure,STOCK:SEQUENCE,0,31,0
DWBaseIncrementalLoad_GLBalancePlanAllocation_LaborHoursMeasure,STOCK:FOREACHLOOP,0,15,0
DWBaseIncrementalLoad_GLBalancePlanAllocation_LaborHoursMeasure,Microsoft.ExecuteSQLTask,1,78,78
DWBaseIncrementalLoad_GLBalancePlanAllocation_LaborHoursMeasure,Microsoft.Pipeline,2,75,150
DWBaseIncrementalLoad_GLBalancePlanAllocation_FTEMeasure,Microsoft.Package,0,1,0
DWBaseIncrementalLoad_GLBalancePlanAllocation_FTEMeasure,STOCK:SEQUENCE,0,79,0
DWBaseIncrementalLoad_GLBalancePlanAllocation_FTEMeasure,STOCK:FOREACHLOOP,0,39,0
DWBaseIncrementalLoad_GLBalancePlanAllocation_FTEMeasure,Microsoft.ExecuteSQLTask,1,198,198
DWBaseIncrementalLoad_GLBalancePlanAllocation_FTEMeasure,Microsoft.Pipeline,2,195,390
DWBaseIncrementalLoad_FTESnapshotMeasure,Microsoft.Package,0,1,0
DWBaseIncrementalLoad_FTESnapshotMeasure,STOCK:SEQUENCE,0,77,0
DWBaseIncrementalLoad_FTESnapshotMeasure,STOCK:FOREACHLOOP,0,38,0
DWBaseIncrementalLoad_FTESnapshotMeasure,Microsoft.ExecuteSQLTask,1,231,231
DWBaseIncrementalLoad_FTESnapshotMeasure,Microsoft.Pipeline,2,190,380
DWBaseIncrementalLoad_DailyMeasureNetRevenue,Microsoft.Package,0,1,0
DWBaseIncrementalLoad_DailyMeasureNetRevenue,STOCK:SEQUENCE,0,4,0
DWBaseIncrementalLoad_DailyMeasureNetRevenue,STOCK:FOREACHLOOP,0,4,0
DWBaseIncrementalLoad_DailyMeasureNetRevenue,Microsoft.ExecuteSQLTask,1,16,16
DWBaseIncrementalLoad_DailyMeasureNetRevenue,Microsoft.Pipeline,2,12,24
DWBaseIncrementalLoad_DailyMeasureNSE,Microsoft.Package,0,1,0
DWBaseIncrementalLoad_DailyMeasureNSE,STOCK:SEQUENCE,0,2,0
DWBaseIncrementalLoad_DailyMeasureNSE,STOCK:FOREACHLOOP,0,1,0
DWBaseIncrementalLoad_DailyMeasureNSE,Microsoft.ExecuteSQLTask,1,6,6
DWBaseIncrementalLoad_DailyMeasureNSE,Microsoft.Pipeline,2,5,10
DWBaseIncrementalLoad_DailyMeasureFTE,Microsoft.Package,0,1,0
DWBaseIncrementalLoad_DailyMeasureFTE,STOCK:SEQUENCE,0,4,0
DWBaseIncrementalLoad_DailyMeasureFTE,STOCK:FOREACHLOOP,0,4,0
DWBaseIncrementalLoad_DailyMeasureFTE,Microsoft.ExecutePackageTask,3,1,3
DWBaseIncrementalLoad_DailyMeasureFTE,Microsoft.ExecuteSQLTask,1,16,16
DWBaseIncrementalLoad_DailyMeasureFTE,Microsoft.Pipeline,2,12,24
DWBaseIncrementalLoad_DWBaseParentPackage,Microsoft.Package,0,1,0
DWBaseIncrementalLoad_DWBaseParentPackage,STOCK:SEQUENCE,0,4,0
DWBaseIncrementalLoad_DWBaseParentPackage,Microsoft.ExecutePackageTask,3,11,33
DWBaseIncrementalLoad_CenterStatusSnapshot,Microsoft.Package,0,1,0
DWBaseIncrementalLoad_CenterStatusSnapshot,STOCK:SEQUENCE,0,11,0
DWBaseIncrementalLoad_CenterStatusSnapshot,STOCK:FOREACHLOOP,0,5,0
DWBaseIncrementalLoad_CenterStatusSnapshot,Microsoft.ExecuteSQLTask,1,33,33
DWBaseIncrementalLoad_CenterStatusSnapshot,Microsoft.Pipeline,2,25,50
DWBaseIncrementalLoad_CalculatedMeasure,Microsoft.Package,0,1,0
DWBaseIncrementalLoad_CalculatedMeasure,STOCK:SEQUENCE,0,51,0
DWBaseIncrementalLoad_CalculatedMeasure,STOCK:FOREACHLOOP,0,25,0
DWBaseIncrementalLoad_CalculatedMeasure,Microsoft.ExecuteSQLTask,1,139,139
DWBaseIncrementalLoad_CalculatedMeasure,Microsoft.Pipeline,2,125,250
DWBaseIncrementalLoad_ARBalanceMeasure,Microsoft.Package,0,1,0
DWBaseIncrementalLoad_ARBalanceMeasure,STOCK:SEQUENCE,0,25,0
DWBaseIncrementalLoad_ARBalanceMeasure,STOCK:FOREACHLOOP,0,12,0
DWBaseIncrementalLoad_ARBalanceMeasure,Microsoft.ExecuteSQLTask,1,75,75
DWBaseIncrementalLoad_ARBalanceMeasure,Microsoft.Pipeline,2,60,120
